Workbook

Sheet Anleitung
B2: Rechnungsvorlage
B3: Ferienwohnung Zum Biebertal · So entsteht in zwei Minuten die Rechnung zu einer Buchung.
B5: 1 · Einmalig ausfüllen
B6: Diese Angaben stehen auf jeder Rechnung. Einmal eintragen – danach nie wieder anfassen. Hell hinterlegt sind überall die Felder zum Ausfüllen.
B8: Kontoinhaber | C8: Stefan Weber
B9: IBAN | C9: DE00 0000 0000 0000 0000 00
B10: BIC (optional)
B11: Bank | C11: Name der Bank
B12: Steuernummer | C12: 000/000/00000
B13: Die Steuernummer gehört nach § 14 UStG auf jede Rechnung über 250 € – sie steht auf jedem Schreiben des Finanzamts. Solange dort 000/000/00000 und die Null-IBAN stehen, ist die Rechnung unvollständig.
B15: 2 · Für jede Buchung
B16: · Reiter „Rechnung“ öffnen und die hell hinterlegten Felder ausfüllen: Name und Adresse des Gastes, Rechnungsnummer, Rechnungsdatum, Zahlungsweise, Anreise, Abreise und Personenzahl.
B17: · Die Anrede entsteht aus dem Namensfeld, also „Guten Tag Familie Müller,“. Den Namen dort so schreiben, wie der Gast angesprochen werden soll – etwa „Familie Müller“, „Herr Berg“ oder „Frau Dr. Klein“.
B18: · Alles andere rechnet sich selbst: Nächte, Beträge, Gesamtsumme, Zahlungsziel und der Text im Zahlungsteil. Diese Zellen bitte nicht überschreiben.
B19: · Rechnungsnummer: Jahr und laufende Nummer, also 2026-001, 2026-002, 2026-003. Jede Nummer nur ein einziges Mal verwenden und keine überspringen – lückenlos fortlaufend verlangt es das Finanzamt.
B20: · Zahlungsweise über das Auswahlfeld wählen. Bei „Barzahlung bei Anreise“ verschwinden die Kontodaten von der Rechnung, bei „Überweisung“ stehen sie darauf.
B21: · Fertig? Datei → Exportieren → PDF erstellen, und das PDF an den Gast mailen. Dateiname am besten mit Rechnungsnummer und Name, also etwa 2026-001-Mueller.pdf.
B22: · Danach das PDF ablegen oder die Datei unter neuem Namen speichern – Rechnungen müssen zehn Jahre aufbewahrt werden.
B23: · Der Reiter „Beispiel“ zeigt dieselbe Rechnung fertig ausgefüllt, zum Vergleichen. Dort bitte nichts ändern.
B24: 3 · Preise und Zeiten
B25: Nur ändern, wenn sich der Preis wirklich ändert – und dann bitte auch auf der Website: dieselben Zahlen stehen in den AGB und im Preiskalender auf ferienwohnungzumbiebertal.de. Die Kurtaxe wird nach Übernachtungen gerechnet, also 2 Personen × 7 Nächte = 14,00 €.
B26: Preis pro Nacht | C26: 65
B27: Kurtaxe pro Person und Tag | C27: 1
B28: Zahlungsziel in Tagen | C28: 14
B29: Anreise ab | C29: 15:00 Uhr
B30: Abreise bis | C30: 10:00 Uhr
B31: Zahlbar innerhalb von 14 Tagen ab Rechnungsdatum, spätestens am Anreisetag – so steht es in den AGB. Die Rechnung rechnet das Zahlungsziel selbst aus und nimmt automatisch das frühere der beiden Daten.
B33: 4 · Sonderfälle
B34: Im Preis enthalten sind Endreinigung, Bettwäsche und Handtücher, Strom, Wasser, Heizung und WLAN – eine gesonderte Reinigungsgebühr gibt es nicht, und die Wohnung ist für höchstens 4 Personen ausgelegt. Braucht eine Buchung ausnahmsweise eine weitere Position, dafür ist in der Tabelle unter der Kurtaxe eine freie Zeile: Text, Anzahl und Einzelpreis eintragen, die Summe rechnet sich mit.

Sheet Rechnung
B2: Ferienwohnung Zum Biebertal
B3: Kleinsassen · Rhön | C3: Stefan Weber
B4: ferienwohnungzumbiebertal.de | C4: Sandroth 15
C5: 36145 Hofbieber/Kleinsassen
C6: Telefon +49 6657 1816
C7: FerienwohnungZumBiebertal@gmail.com
C8: ="Steuernummer "&Anleitung!$C$12 -> Steuernummer 000/000/00000
B10: Stefan Weber · Sandroth 15 · 36145 Hofbieber/Kleinsassen
B12: [Vorname Nachname] | E12: Rechnungsnummer
B13: [Straße und Hausnummer] | E13: Rechnungsdatum
B14: [PLZ und Ort] | E14: Zahlungsweise | F14: Überweisung
B15: [Land – nur wenn nicht Deutschland] | E15: Zahlbar bis | F15: =IF(OR($F$13="",$C$24=""),"",IF($F$14="Barzahlung bei Anreise",$C$24,MIN($F$13+Anleitung!$C$28,$C$24)))
B18: ="Rechnung"&IF($F$12="",""," Nr. "&$F$12) -> Rechnung
B20: ="Guten Tag "&$B$12&"," -> Guten Tag [Vorname Nachname],
B21: vielen Dank für Ihre Buchung. Für den unten genannten Aufenthalt stellen wir Ihnen wie vereinbart in Rechnung:
B23: AUFENTHALT
B24: Anreise | E24: Anreise ab | F24: =Anleitung!$C$29 -> 15:00 Uhr
B25: Abreise | E25: Abreise bis | F25: =Anleitung!$C$30 -> 10:00 Uhr
B26: Nächte | C26: =IF(OR($C$24="",$C$25=""),"",$C$25-$C$24) | D26: =IF(OR($C$24="",$C$25=""),"",IF($C$25<=$C$24,"Abreise muss nach Anreise liegen",""))
B27: Personen
B29: Position | C29: Anzahl | E29: Einzelpreis | F29: Betrag
B30: Übernachtung in der Ferienwohnung | C30: =IF($C$26="","",$C$26) | E30: =Anleitung!$C$26 -> 65 | F30: =IF($C$30="","",$C$30*$E$30)
B31: inklusive Endreinigung, Bettwäsche und Handtücher, Strom, Wasser, Heizung und WLAN
B32: =IF(OR($C$26="",$C$27=""),"Kurtaxe (pro Person und Tag)","Kurtaxe – "&$C$27&" Personen × "&$C$26&" Nächte") -> Kurtaxe (pro Person und Tag) | C32: =IF(OR($C$26="",$C$27=""),"",$C$26*$C$27) | E32: =Anleitung!$C$27 -> 1 | F32: =IF($C$32="","",$C$32*$E$32)
F33: =IF(OR($C$33="",$E$33=""),"",$C$33*$E$33)
B34: Gesamtbetrag | F34: =IF(SUM($F$30:$F$33)=0,"",SUM($F$30:$F$33))
B36: Kleinunternehmer gemäß § 19 UStG – es wird keine Umsatzsteuer berechnet und daher in dieser Rechnung nicht ausgewiesen.
B37: Die Kurtaxe erheben wir im Namen der Gemeinde Hofbieber und führen sie dorthin ab; sie ist nicht Teil des Übernachtungspreises.
B39: ZAHLUNG
B40: =IF($F$14="Barzahlung bei Anreise","Der Gesamtbetrag wird bei der Schlüsselübergabe in bar beglichen – Sie müssen vorab nichts überweisen.","Bitte überweisen Sie den Gesamtbetrag bis zum oben genannten Datum auf das folgende Konto. Als Verwendungszweck genügt die Rechnungsnummer.") -> Bitte überweisen Sie den Gesamtbetrag bis zum oben genannten Datum auf das folgende Konto. Als Verwendungszweck genügt die Rechnungsnummer.
B41: =IF($F$14="Barzahlung bei Anreise","","Kontoinhaber") -> Kontoinhaber | C41: =IF($F$14="Barzahlung bei Anreise","",Anleitung!$C$8) -> Stefan Weber
B42: =IF($F$14="Barzahlung bei Anreise","","IBAN") -> IBAN | C42: =IF($F$14="Barzahlung bei Anreise","",Anleitung!$C$9) -> DE00 0000 0000 0000 0000 00
B43: =IF($F$14="Barzahlung bei Anreise","","Bank") -> Bank | C43: =IF($F$14="Barzahlung bei Anreise","",Anleitung!$C$11&IF(Anleitung!$C$10="",""," · BIC "&Anleitung!$C$10)) -> Name der Bank
B44: =IF($F$14="Barzahlung bei Anreise","","Verwendungszweck") -> Verwendungszweck | C44: =IF($F$14="Barzahlung bei Anreise","",IF($F$12="","Rechnungsnummer","Rechnung "&$F$12)) -> Rechnungsnummer
B46: Für diesen Aufenthalt gelten unsere Allgemeinen Geschäftsbedingungen unter ferienwohnungzumbiebertal.de/agb – dort stehen auch die Stornierungsbedingungen. Fragen zu dieser Rechnung? Ein Anruf oder eine E-Mail genügt.
B48: Wir freuen uns auf Ihren Besuch in Kleinsassen!
B50: Mit freundlichen Grüßen
B51: Stefan Weber · Ferienwohnung Zum Biebertal

Sheet Beispiel
B1: BEISPIEL – hier bitte nichts ändern. Rechnungen entstehen im Reiter „Rechnung“.
B2: Ferienwohnung Zum Biebertal
B3: Kleinsassen · Rhön | C3: Stefan Weber
B4: ferienwohnungzumbiebertal.de | C4: Sandroth 15
C5: 36145 Hofbieber/Kleinsassen
C6: Telefon +49 6657 1816
C7: FerienwohnungZumBiebertal@gmail.com
C8: ="Steuernummer "&Anleitung!$C$12 -> Steuernummer 000/000/00000
B10: Stefan Weber · Sandroth 15 · 36145 Hofbieber/Kleinsassen
B12: Familie Müller | E12: Rechnungsnummer | F12: 2026-001
B13: Lindenstraße 14 | E13: Rechnungsdatum | F13: 46254
B14: 60313 Frankfurt am Main | E14: Zahlungsweise | F14: Überweisung
E15: Zahlbar bis | F15: =IF(OR($F$13="",$C$24=""),"",IF($F$14="Barzahlung bei Anreise",$C$24,MIN($F$13+Anleitung!$C$28,$C$24))) -> 46268
B18: ="Rechnung"&IF($F$12="",""," Nr. "&$F$12) -> Rechnung Nr. 2026-001
B20: ="Guten Tag "&$B$12&"," -> Guten Tag Familie Müller,
B21: vielen Dank für Ihre Buchung. Für den unten genannten Aufenthalt stellen wir Ihnen wie vereinbart in Rechnung:
B23: AUFENTHALT
B24: Anreise | C24: 46277 | E24: Anreise ab | F24: =Anleitung!$C$29 -> 15:00 Uhr
B25: Abreise | C25: 46284 | E25: Abreise bis | F25: =Anleitung!$C$30 -> 10:00 Uhr
B26: Nächte | C26: =IF(OR($C$24="",$C$25=""),"",$C$25-$C$24) -> 7 | D26: =IF(OR($C$24="",$C$25=""),"",IF($C$25<=$C$24,"Abreise muss nach Anreise liegen",""))
B27: Personen | C27: 2
B29: Position | C29: Anzahl | E29: Einzelpreis | F29: Betrag
B30: Übernachtung in der Ferienwohnung | C30: =IF($C$26="","",$C$26) -> 7 | E30: =Anleitung!$C$26 -> 65 | F30: =IF($C$30="","",$C$30*$E$30) -> 455
B31: inklusive Endreinigung, Bettwäsche und Handtücher, Strom, Wasser, Heizung und WLAN
B32: =IF(OR($C$26="",$C$27=""),"Kurtaxe (pro Person und Tag)","Kurtaxe – "&$C$27&" Personen × "&$C$26&" Nächte") -> Kurtaxe – 2 Personen × 7 Nächte | C32: =IF(OR($C$26="",$C$27=""),"",$C$26*$C$27) -> 14 | E32: =Anleitung!$C$27 -> 1 | F32: =IF($C$32="","",$C$32*$E$32) -> 14
F33: =IF(OR($C$33="",$E$33=""),"",$C$33*$E$33)
B34: Gesamtbetrag | F34: =IF(SUM($F$30:$F$33)=0,"",SUM($F$30:$F$33)) -> 469
B36: Kleinunternehmer gemäß § 19 UStG – es wird keine Umsatzsteuer berechnet und daher in dieser Rechnung nicht ausgewiesen.
B37: Die Kurtaxe erheben wir im Namen der Gemeinde Hofbieber und führen sie dorthin ab; sie ist nicht Teil des Übernachtungspreises.
B39: ZAHLUNG
B40: =IF($F$14="Barzahlung bei Anreise","Der Gesamtbetrag wird bei der Schlüsselübergabe in bar beglichen – Sie müssen vorab nichts überweisen.","Bitte überweisen Sie den Gesamtbetrag bis zum oben genannten Datum auf das folgende Konto. Als Verwendungszweck genügt die Rechnungsnummer.") -> Bitte überweisen Sie den Gesamtbetrag bis zum oben genannten Datum auf das folgende Konto. Als Verwendungszweck genügt die Rechnungsnummer.
B41: =IF($F$14="Barzahlung bei Anreise","","Kontoinhaber") -> Kontoinhaber | C41: =IF($F$14="Barzahlung bei Anreise","",Anleitung!$C$8) -> Stefan Weber
B42: =IF($F$14="Barzahlung bei Anreise","","IBAN") -> IBAN | C42: =IF($F$14="Barzahlung bei Anreise","",Anleitung!$C$9) -> DE00 0000 0000 0000 0000 00
B43: =IF($F$14="Barzahlung bei Anreise","","Bank") -> Bank | C43: =IF($F$14="Barzahlung bei Anreise","",Anleitung!$C$11&IF(Anleitung!$C$10="",""," · BIC "&Anleitung!$C$10)) -> Name der Bank
B44: =IF($F$14="Barzahlung bei Anreise","","Verwendungszweck") -> Verwendungszweck | C44: =IF($F$14="Barzahlung bei Anreise","",IF($F$12="","Rechnungsnummer","Rechnung "&$F$12)) -> Rechnung 2026-001
B46: Für diesen Aufenthalt gelten unsere Allgemeinen Geschäftsbedingungen unter ferienwohnungzumbiebertal.de/agb – dort stehen auch die Stornierungsbedingungen. Fragen zu dieser Rechnung? Ein Anruf oder eine E-Mail genügt.
B48: Wir freuen uns auf Ihren Besuch in Kleinsassen!
B50: Mit freundlichen Grüßen
B51: Stefan Weber · Ferienwohnung Zum Biebertal
